CNN_ID,attack_type,acc,precision,f1,auc-roc,pert_type,pert_size
312958661a347eec4c8bdb81fe93d2388905ddbde9baf0697556e476c43237ce,clean,0.985,0.9850987028021958,0.9849800411613442,0.9999043186798136,none,0.0
312958661a347eec4c8bdb81fe93d2388905ddbde9baf0697556e476c43237ce,fgsm,0.975,0.9755535441488453,0.9750341215562465,0.9998630635010555,min,0.10003435611724854
312958661a347eec4c8bdb81fe93d2388905ddbde9baf0697556e476c43237ce,pgd,0.972,0.9725559767921063,0.9720169870239722,0.9997972325342392,mean,0.19209018349647522
b3556d99c3b6d246ec35b58ba1e58f606e59cbd1bf18910844ae51ad037b3120,clean,0.988,0.98808029310683,0.988008739445744,0.9998802260723417,none,0.0
b3556d99c3b6d246ec35b58ba1e58f606e59cbd1bf18910844ae51ad037b3120,fgsm,0.974,0.9741003522841233,0.9739857199370805,0.9997312158764661,min,0.1000392809510231
b3556d99c3b6d246ec35b58ba1e58f606e59cbd1bf18910844ae51ad037b3120,pgd,0.968,0.9681317185583728,0.9680109521882542,0.9995889360488743,mean,0.2048942595720291
