CNN_ID,attack_type,acc,precision,f1,auc-roc,pert_type,pert_size
641a66349a54d90a3dae590bebea96506e2da70cef52d8572097a035292d0e31,clean,1.0,1.0,1.0,,none,0.0
641a66349a54d90a3dae590bebea96506e2da70cef52d8572097a035292d0e31,fgsm,1.0,1.0,1.0,,min,0.0
641a66349a54d90a3dae590bebea96506e2da70cef52d8572097a035292d0e31,pgd,0.0,0.0,0.0,,mean,2.0059566497802734
641a66349a54d90a3dae590bebea96506e2da70cef52d8572097a035292d0e31,cw,1.0,1.0,1.0,,mean,0.0
6a3a09021271421cf2f452e4219a950341704d4d92a24cfac4a51b4956ec4897,clean,1.0,1.0,1.0,,none,0.0
6a3a09021271421cf2f452e4219a950341704d4d92a24cfac4a51b4956ec4897,fgsm,0.0,0.0,0.0,,min,0.10000002384185791
6a3a09021271421cf2f452e4219a950341704d4d92a24cfac4a51b4956ec4897,pgd,0.0,0.0,0.0,,mean,1.9858075380325317
6a3a09021271421cf2f452e4219a950341704d4d92a24cfac4a51b4956ec4897,cw,1.0,1.0,1.0,,mean,0.0
