Donor_ID,Recipient_ID,attack_type,TSR,acc_drop
312958661a347eec4c8bdb81fe93d2388905ddbde9baf0697556e476c43237ce,b3556d99c3b6d246ec35b58ba1e58f606e59cbd1bf18910844ae51ad037b3120,fgsm,0.015000000000000013,0.01100000000000001
b3556d99c3b6d246ec35b58ba1e58f606e59cbd1bf18910844ae51ad037b3120,312958661a347eec4c8bdb81fe93d2388905ddbde9baf0697556e476c43237ce,fgsm,0.018000000000000016,0.007000000000000006
312958661a347eec4c8bdb81fe93d2388905ddbde9baf0697556e476c43237ce,b3556d99c3b6d246ec35b58ba1e58f606e59cbd1bf18910844ae51ad037b3120,pgd,0.014000000000000012,0.018000000000000016
b3556d99c3b6d246ec35b58ba1e58f606e59cbd1bf18910844ae51ad037b3120,312958661a347eec4c8bdb81fe93d2388905ddbde9baf0697556e476c43237ce,pgd,0.018000000000000016,0.010000000000000009
