CNN_ID,attack_type,acc,precision,f1,auc-roc,pert_type,pert_size
a7cc27864d226cb003d1eb43c2292dc718eabad213f82fdf330f8dd26fd8139b,clean,1.0,1.0,1.0,,none,0.0
a7cc27864d226cb003d1eb43c2292dc718eabad213f82fdf330f8dd26fd8139b,fgsm,1.0,1.0,1.0,,min,0.0
a7cc27864d226cb003d1eb43c2292dc718eabad213f82fdf330f8dd26fd8139b,pgd,1.0,1.0,1.0,,mean,0.0
a7cc27864d226cb003d1eb43c2292dc718eabad213f82fdf330f8dd26fd8139b,cw,1.0,1.0,1.0,,mean,0.0
934c24564b6ecf50460e694c7c6482ff79cc2b73f1ae0808a6b7dc20a9649fb5,clean,1.0,1.0,1.0,,none,0.0
934c24564b6ecf50460e694c7c6482ff79cc2b73f1ae0808a6b7dc20a9649fb5,fgsm,0.0,0.0,0.0,,min,0.10000002384185791
934c24564b6ecf50460e694c7c6482ff79cc2b73f1ae0808a6b7dc20a9649fb5,pgd,0.0,0.0,0.0,,mean,2.1194844245910645
934c24564b6ecf50460e694c7c6482ff79cc2b73f1ae0808a6b7dc20a9649fb5,cw,1.0,1.0,1.0,,mean,0.0
